Venue,Date,Start,End,Title,Event
Fringe Village Bandstand,2023-07-21,12:45,13:15,Monty ,https://vfringe.co.uk/events/fringe-village-bandstand-friday-21st/
Fringe Village Bandstand,2023-07-21,13:30,14:00,Eye of The Dawn Dancers ,https://vfringe.co.uk/events/fringe-village-bandstand-friday-21st/
Fringe Village Bandstand,2023-07-21,14:15,14:45,Corinne Atkins ,https://vfringe.co.uk/events/fringe-village-bandstand-friday-21st/
Fringe Village Bandstand,2023-07-21,15:00,15:30,Jaedan Staley  ???,https://vfringe.co.uk/events/fringe-village-bandstand-friday-21st/
Fringe Village Bandstand,2023-07-21,15:45,16:15,Megan the SInger ,https://vfringe.co.uk/events/fringe-village-bandstand-friday-21st/
Fringe Village Bandstand,2023-07-21,16:30,17:00,Beau Wheeler Aerial ,https://vfringe.co.uk/events/fringe-village-bandstand-friday-21st/
Fringe Village Bandstand,2023-07-22,12:00,12:30,Kamala Tribal Dance ,https://vfringe.co.uk/events/fringe-village-bandstand-saturday-22nd/
Fringe Village Bandstand,2023-07-22,12:30,12:45,Beau Wheeler Aerial ,https://vfringe.co.uk/events/fringe-village-bandstand-saturday-22nd/
Fringe Village Bandstand,2023-07-22,12:45,13:15,PiratesProv ,https://vfringe.co.uk/events/fringe-village-bandstand-saturday-22nd/
Fringe Village Bandstand,2023-07-22,13:45,14:15,Thomas Nash ,https://vfringe.co.uk/events/fringe-village-bandstand-saturday-22nd/
Fringe Village Bandstand,2023-07-22,14:45,15:15,Bethan John ,https://vfringe.co.uk/events/fringe-village-bandstand-saturday-22nd/
Fringe Village Bandstand,2023-07-22,15:45,16:15,The Missing Heads ,https://vfringe.co.uk/events/fringe-village-bandstand-saturday-22nd/
Fringe Village Bandstand,2023-07-22,16:15,17:00,Beau Wheeler Aerial ,https://vfringe.co.uk/events/fringe-village-bandstand-saturday-22nd/
Fringe Village Bandstand,2023-07-23,12:00,12:30,Mick Davis ,https://vfringe.co.uk/events/fringe-village-bandstand-sunday-23rd/
Fringe Village Bandstand,2023-07-23,13:00,13:30,Poppy Janella ,https://vfringe.co.uk/events/fringe-village-bandstand-sunday-23rd/
Fringe Village Bandstand,2023-07-23,14:00,14:30,Alice Buckley ,https://vfringe.co.uk/events/fringe-village-bandstand-sunday-23rd/
Fringe Village Bandstand,2023-07-23,14:30,15:00,Beau Wheeler Aerial ,https://vfringe.co.uk/events/fringe-village-bandstand-sunday-23rd/
Fringe Village Bandstand,2023-07-23,15:00,15:30,Time expired ,https://vfringe.co.uk/events/fringe-village-bandstand-sunday-23rd/
Fringe Village Bandstand,2023-07-23,16:00,16:30,PiratesProv ,https://vfringe.co.uk/events/fringe-village-bandstand-sunday-23rd/
Fringe Village Bandstand,2023-07-23,17:00,17:30,Interesting Wallpaper ,https://vfringe.co.uk/events/fringe-village-bandstand-sunday-23rd/
Fringe Village Bandstand,2023-07-24,12:00,12:30,Coosticks ,https://vfringe.co.uk/events/fringe-village-bandstand-monday-24th/
Fringe Village Bandstand,2023-07-24,13:00,13:30,Sparkes at the piano and Break the Ice trio ,https://vfringe.co.uk/events/fringe-village-bandstand-monday-24th/
Fringe Village Bandstand,2023-07-24,14:00,14:30,Harriet Jane ,https://vfringe.co.uk/events/fringe-village-bandstand-monday-24th/
Fringe Village Bandstand,2023-07-24,15:00,15:30,Nigel Hutchings ,https://vfringe.co.uk/events/fringe-village-bandstand-monday-24th/
Fringe Village Bandstand,2023-07-24,16:00,16:30,SKaMP? ,https://vfringe.co.uk/events/fringe-village-bandstand-monday-24th/
Fringe Village Bandstand,2023-07-25,12:00,12:30,Double Take ,https://vfringe.co.uk/events/fringe-village-bandstand-tuesday-25th/
Fringe Village Bandstand,2023-07-25,13:00,13:30,Beth Lockhart ,https://vfringe.co.uk/events/fringe-village-bandstand-tuesday-25th/
Fringe Village Bandstand,2023-07-25,14:00,14:30,Run with the Pineapple ,https://vfringe.co.uk/events/fringe-village-bandstand-tuesday-25th/
Fringe Village Bandstand,2023-07-25,15:30,16:00,Beau Wheeler Aerial ,https://vfringe.co.uk/events/fringe-village-bandstand-tuesday-25th/
Fringe Village Bandstand,2023-07-25,16:15,16:45,Cara Goodrem  ???,https://vfringe.co.uk/events/fringe-village-bandstand-tuesday-25th/
Fringe Village Bandstand,2023-07-25,17:00,17:30,Emellia ,https://vfringe.co.uk/events/fringe-village-bandstand-tuesday-25th/
Fringe Village Bandstand,2023-07-26,13:00,13:30,Harry Sheppard  ???,https://vfringe.co.uk/events/fringe-village-bandstand-wednesday-26th/
Fringe Village Bandstand,2023-07-26,14:00,14:30,Nothin' 2 Lose,https://vfringe.co.uk/events/fringe-village-bandstand-wednesday-26th/
Fringe Village Bandstand,2023-07-26,15:00,15:30,Beth Lockhart ,https://vfringe.co.uk/events/fringe-village-bandstand-wednesday-26th/
Fringe Village Bandstand,2023-07-26,15:30,16:00,Ventnor Exchange Choir ,https://vfringe.co.uk/events/fringe-village-bandstand-wednesday-26th/
Fringe Village Bandstand,2023-07-26,16:00,16:30,The Lemon Thieves ,https://vfringe.co.uk/events/fringe-village-bandstand-wednesday-26th/
Fringe Village Bandstand,2023-07-26,17:00,17:30,Stuart Layzell ,https://vfringe.co.uk/events/fringe-village-bandstand-wednesday-26th/
Fringe Village Bandstand,2023-07-27,12:00,12:30,HutcH ,https://vfringe.co.uk/events/fringe-village-bandstand-thursday-27th/
Fringe Village Bandstand,2023-07-27,13:00,13:30,Monty ,https://vfringe.co.uk/events/fringe-village-bandstand-thursday-27th/
Fringe Village Bandstand,2023-07-27,14:00,14:30,Harry Sheppard  ???,https://vfringe.co.uk/events/fringe-village-bandstand-thursday-27th/
Fringe Village Bandstand,2023-07-27,15:00,15:30,Watevva ,https://vfringe.co.uk/events/fringe-village-bandstand-thursday-27th/
Fringe Village Bandstand,2023-07-27,17:00,17:30,Dubious Characters ,https://vfringe.co.uk/events/fringe-village-bandstand-thursday-27th/
Fringe Village Bandstand,2023-07-28,12:00,12:30,Megan the Singer ,https://vfringe.co.uk/events/fringe-village-bandstand-friday-28th/
Fringe Village Bandstand,2023-07-28,13:00,13:30,Time Expired ,https://vfringe.co.uk/events/fringe-village-bandstand-friday-28th/
Fringe Village Bandstand,2023-07-28,14:00,14:30,Em Johnson,https://vfringe.co.uk/events/fringe-village-bandstand-friday-28th/
Fringe Village Bandstand,2023-07-28,15:00,15:30,Butterfly Culture ,https://vfringe.co.uk/events/fringe-village-bandstand-friday-28th/
Fringe Village Bandstand,2023-07-28,15:30,16:00,Beau Wheeler Aerial ,https://vfringe.co.uk/events/fringe-village-bandstand-friday-28th/
Fringe Village Bandstand,2023-07-28,16:00,16:30,Amy Joliffe ,https://vfringe.co.uk/events/fringe-village-bandstand-friday-28th/
Fringe Village Bandstand,2023-07-29,17:00,17:30,Nothin' 2 Lose ,https://vfringe.co.uk/events/fringe-village-bandstand-saturday-29th/
Fringe Village Bandstand,2023-07-29,13:00,13:30,Alice Buckley ,https://vfringe.co.uk/events/fringe-village-bandstand-saturday-29th/
Fringe Village Bandstand,2023-07-29,14:00,15:00,Audio Ghosts ,https://vfringe.co.uk/events/fringe-village-bandstand-saturday-29th/
Fringe Village Bandstand,2023-07-29,15:30,16:30,The Missing Heads ,https://vfringe.co.uk/events/fringe-village-bandstand-saturday-29th/
Fringe Village Bandstand,2023-07-30,13:00,13:30,The BOBS ,https://vfringe.co.uk/events/fringe-village-bandstand-sunday-30th/
Fringe Village Bandstand,2023-07-30,14:00,14:30,The Boogie Woogie Sisters ,https://vfringe.co.uk/events/fringe-village-bandstand-sunday-30th/
Fringe Village Bandstand,2023-07-30,15:00,15:30,Poppy Janella ,https://vfringe.co.uk/events/fringe-village-bandstand-sunday-30th/
Fringe Village Bandstand,2023-07-30,15:30,16:00,Beau Wheeler Aerial ,https://vfringe.co.uk/events/fringe-village-bandstand-sunday-30th/
Fringe Village Bandstand,2023-07-30,16:00,16:45,The RUG band ,https://vfringe.co.uk/events/fringe-village-bandstand-sunday-30th/
Fringe Village Bandstand,2023-07-30,17:00,17:30,Ryan Pengelly ,https://vfringe.co.uk/events/fringe-village-bandstand-sunday-30th/
St. Catherine's Church,2023-07-21,11:00,11:30,Corrine Atkins,https://vfringe.co.uk/events/the-makers-market/
St. Catherine's Church,2023-07-21,12:00,12:30,Sparkes at the piano and Break the Ice trio,https://vfringe.co.uk/events/the-makers-market/
St. Catherine's Church,2023-07-21,13:00,13:30,Harriet Jane,https://vfringe.co.uk/events/the-makers-market/
St. Catherine's Church,2023-07-21,14:00,14:30,Oliver Kurt,https://vfringe.co.uk/events/the-makers-market/
St. Catherine's Church,2023-07-22,11:00,11:30,Bob Primmer,https://vfringe.co.uk/events/the-makers-market/
St. Catherine's Church,2023-07-22,12:00,12:30,South of Polaris,https://vfringe.co.uk/events/the-makers-market/
St. Catherine's Church,2023-07-22,13:00,13:30,Bethan John,https://vfringe.co.uk/events/the-makers-market/
St. Catherine's Church,2023-07-22,14:00,14:30,Monty,https://vfringe.co.uk/events/the-makers-market/
St. Catherine's Church,2023-07-28,11:00,11:30,Em Johnson ,https://vfringe.co.uk/events/the-makers-market/
St. Catherine's Church,2023-07-28,12:00,12:30,Amy Joliffe ,https://vfringe.co.uk/events/the-makers-market/
St. Catherine's Church,2023-07-28,13:00,13:30,Butterfly Culture ,https://vfringe.co.uk/events/the-makers-market/
St. Catherine's Church,2023-07-29,12:00,12:30,Our Annie R ,https://vfringe.co.uk/events/the-makers-market/
St. Catherine's Church,2023-07-29,13:00,13:30,Million pebble beach ,https://vfringe.co.uk/events/the-makers-market/
St. Catherine's Church,2023-07-29,14:00,14:30,Edie Elliott ,https://vfringe.co.uk/events/the-makers-market/
The Big Top Bar,2023-07-21,13:00,15:00,Vectis Radio,https://vfringe.co.uk/events/big-top-bar-friday-21st/
The Big Top Bar,2023-07-21,19:00,21:00,Solar Radio,https://vfringe.co.uk/events/big-top-bar-friday-21st/
The Big Top Bar,2023-07-21,21:00,23:00,Shack Promotions,https://vfringe.co.uk/events/big-top-bar-friday-21st/
The Big Top Bar,2023-07-22,13:00,15:00,OCD Radio,https://vfringe.co.uk/events/big-top-bar-saturday-22nd/
The Big Top Bar,2023-07-22,19:00,21:00,Reggies Retro,https://vfringe.co.uk/events/big-top-bar-saturday-22nd/
The Big Top Bar,2023-07-22,21:00,23:00,Soul Sessions,https://vfringe.co.uk/events/big-top-bar-saturday-22nd/
The Big Top Bar,2023-07-23,15:00,16:00,Sorella Acapella,https://vfringe.co.uk/events/big-top-bar-sunday-23rd/
The Big Top Bar,2023-07-23,16:00,17:00,Curious! Comedy,https://vfringe.co.uk/events/big-top-bar-sunday-23rd/
The Big Top Bar,2023-07-23,19:00,21:00,Dave Ryan,https://vfringe.co.uk/events/big-top-bar-sunday-23rd/
The Big Top Bar,2023-07-23,21:00,23:00,Ska Fever,https://vfringe.co.uk/events/big-top-bar-sunday-23rd/
The Big Top Bar,2023-07-24,13:00,15:00,Soulshaker,https://vfringe.co.uk/events/big-top-bar-monday-24th/
The Big Top Bar,2023-07-24,19:00,21:00,Steve Snow,https://vfringe.co.uk/events/big-top-bar-monday-24th/
The Big Top Bar,2023-07-24,21:00,23:00,Long John Baldry,https://vfringe.co.uk/events/big-top-bar-monday-24th/
The Big Top Bar,2023-07-25,12:00,13:00,Firebird (wellbeing class),https://vfringe.co.uk/events/big-top-bar-tuesday-25th/
The Big Top Bar,2023-07-25,13:00,15:00,Vectis Radio,https://vfringe.co.uk/events/big-top-bar-tuesday-25th/
The Big Top Bar,2023-07-25,15:00,16:00,Emellia,https://vfringe.co.uk/events/big-top-bar-tuesday-25th/
The Big Top Bar,2023-07-25,19:00,19:30,Sparrow & Dre,https://vfringe.co.uk/events/big-top-bar-tuesday-25th/
The Big Top Bar,2023-07-25,19:30,21:00,RAW Samba,https://vfringe.co.uk/events/big-top-bar-tuesday-25th/
The Big Top Bar,2023-07-25,21:00,23:00,Soul Sessions,https://vfringe.co.uk/events/big-top-bar-tuesday-25th/
The Big Top Bar,2023-07-26,13:00,15:00,Dr Jive,https://vfringe.co.uk/events/big-top-bar-wednesday-26th/
The Big Top Bar,2023-07-26,15:00,16:00,Cinnamon,https://vfringe.co.uk/events/big-top-bar-wednesday-26th/
The Big Top Bar,2023-07-26,19:00,21:00,Jive and Slide,https://vfringe.co.uk/events/big-top-bar-wednesday-26th/
The Big Top Bar,2023-07-26,21:00,23:00,Ill Al,https://vfringe.co.uk/events/big-top-bar-wednesday-26th/
The Big Top Bar,2023-07-27,13:00,15:00,Nipsy,https://vfringe.co.uk/events/big-top-bar-thursday-27th/
The Big Top Bar,2023-07-27,19:00,21:00,Soul Shaker,https://vfringe.co.uk/events/big-top-bar-thursday-27th/
The Big Top Bar,2023-07-27,21:00,23:00,Cooly Haste,https://vfringe.co.uk/events/big-top-bar-thursday-27th/
The Big Top Bar,2023-07-28,13:00,15:00,Roguette of Ryde,https://vfringe.co.uk/events/big-top-bar-friday-28th/
The Big Top Bar,2023-07-28,19:00,21:00,Rogue of Ryde,https://vfringe.co.uk/events/big-top-bar-friday-28th/
The Big Top Bar,2023-07-28,21:00,23:00,Sparrow & Dre,https://vfringe.co.uk/events/big-top-bar-friday-28th/
The Big Top Bar,2023-07-29,13:00,15:00,Brave Island DJs,https://vfringe.co.uk/events/big-top-bar-saturday-29th/
The Big Top Bar,2023-07-29,17:00,18:00,Havenstreet Uke Group,https://vfringe.co.uk/events/big-top-bar-saturday-29th/
The Big Top Bar,2023-07-29,19:00,21:00,TBC ???,https://vfringe.co.uk/events/big-top-bar-saturday-29th/
The Big Top Bar,2023-07-29,21:00,23:00,DJ Magik,https://vfringe.co.uk/events/big-top-bar-saturday-29th/
The Big Top Bar,2023-07-30,13:00,15:00,Vectis Radio,https://vfringe.co.uk/events/big-top-bar-sunday-30th/
The Fringe Square,2023-07-23,11:00,12:00,Peter J. Murray book reading by Author,https://vfringe.co.uk/events/fringe-square-sunday-23rd/
The Fringe Square,2023-07-23,14:00,14:30,Superb Owl,https://vfringe.co.uk/events/fringe-square-sunday-23rd/
The Fringe Square,2023-07-23,15:00,15:30,South of Polaris,https://vfringe.co.uk/events/fringe-square-sunday-23rd/
The Fringe Square,2023-07-23,16:00,16:30,Word Spoken Song,https://vfringe.co.uk/events/fringe-square-sunday-23rd/
The Fringe Square,2023-07-24,12:00,12:30,Kruser,https://vfringe.co.uk/events/fringe-square-monday-24th/
The Fringe Square,2023-07-24,14:00,14:30,Coosticks,https://vfringe.co.uk/events/fringe-square-monday-24th/
The Fringe Square,2023-07-24,15:00,15:30,Sionna,https://vfringe.co.uk/events/fringe-square-monday-24th/
The Fringe Square,2023-07-24,16:00,16:45,Taverner and James,https://vfringe.co.uk/events/fringe-square-monday-24th/
The Fringe Square,2023-07-25,11:00,12:00,Breathe-Blow-Buzz ,https://vfringe.co.uk/events/fringe-square-tuesday-25th/
The Fringe Square,2023-07-25,12:00,12:30,Kruser ,https://vfringe.co.uk/events/fringe-square-tuesday-25th/
The Fringe Square,2023-07-25,13:00,13:30,"Tony ""Monty"" Hirst ",https://vfringe.co.uk/events/fringe-square-tuesday-25th/
The Fringe Square,2023-07-25,14:00,14:30,Double Take ,https://vfringe.co.uk/events/fringe-square-tuesday-25th/
The Fringe Square,2023-07-25,15:00,15:45,"Suzanne Marie Taylor: ""Still Life 'Movy'"" ",https://vfringe.co.uk/events/fringe-square-tuesday-25th/
The Fringe Square,2023-07-25,16:00,16:30,Run with the Pineapple ,https://vfringe.co.uk/events/fringe-square-tuesday-25th/
The Fringe Square,2023-07-26,11:00,12:00,Breathe-Blow-Buzz ,https://vfringe.co.uk/events/fringe-square-wednesday-26th/
The Fringe Square,2023-07-26,12:00,12:30,Nicki Watts ,https://vfringe.co.uk/events/fringe-square-wednesday-26th/
The Fringe Square,2023-07-26,13:00,13:30,Sionna ,https://vfringe.co.uk/events/fringe-square-wednesday-26th/
The Fringe Square,2023-07-26,14:00,14:30,Abigail Ryan - Teen story time ,https://vfringe.co.uk/events/fringe-square-wednesday-26th/
The Fringe Square,2023-07-26,15:00,15:30,Stuart Layzell ,https://vfringe.co.uk/events/fringe-square-wednesday-26th/
The Fringe Square,2023-07-27,11:00,11:30,Jules Marriner ,https://vfringe.co.uk/events/fringe-square-thursday-27th/
The Fringe Square,2023-07-27,15:00,15:30,Abigail Ryan - Teen story time ,https://vfringe.co.uk/events/fringe-square-thursday-27th/
The Fringe Square,2023-07-29,11:00,11:45,Neal Layton ,https://vfringe.co.uk/events/fringe-square-saturday-29th/
The Fringe Square,2023-07-30,13:00,13:30,Steve Love ,https://vfringe.co.uk/events/fringe-square-sunday-30th/
The Fringe Square,2023-07-30,14:00,14:30,Our Annie R ,https://vfringe.co.uk/events/fringe-square-sunday-30th/
The Fringe Square,2023-07-30,15:00,15:30,Superb Owl ,https://vfringe.co.uk/events/fringe-square-sunday-30th/
The Fringe Square,2023-07-27,13:00,13:30,"Tony ""Monty"" Hirst ",https://vfringe.co.uk/events/fringe-square-thursday-27th/
The Fringe Square,2023-07-28,13:00,13:30,"Tony ""Monty"" Hirst ",https://vfringe.co.uk/events/fringe-square-friday-28th